weighted_average,uncertainty
1.113264994570769,0.03381018525521427
