weighted_average,uncertainty
1.0979570443847106,0.049316817643223265
