weighted_average,uncertainty
1.3030937214469533,0.024770147870739816
