weighted_average,uncertainty
1.450608841168415,0.03308915526402746
