weighted_average,uncertainty
1.2837495024533736,0.020833786879209296
