weighted_average,uncertainty
1.2003522647004405,0.0363421775273122
